<?xml version="1.0" encoding="utf-8"?>
<extension type="library" method="upgrade">
    <name>Joomlashack Framework</name>
    <libraryname>allediaframework</libraryname>
    <author>Joomlashack</author>
    <authorEmail>help@joomlashack.com</authorEmail>
    <authorUrl>https://www.joomlashack.com/</authorUrl>
    <copyright>Copyright 2016-2023 Joomlashack.com</copyright>
    <license>GNU GPL; see LICENSE file</license>
    <description>Shared library for Joomlashack extensions</description>
    <version>3.7.2</version>
    <creationDate>December 11 2023</creationDate>
    <variant>FREE</variant>

    <files>
        <folder>Framework</folder>
        <folder>helpers</folder>
        <folder>vendor</folder>

        <filename>include.php</filename>
    </files>

    <media destination="lib_allediaframework" folder="media">
        <folder>css</folder>
    </media>

    <updateservers>
        <server type="extension" priority="1" name="Joomlashack Framework"><![CDATA[https://deploy.ostraining.com/client/update/free/stable/lib_allediaframework]]></server>
    </updateservers>

    <alledia>
        <element>allediaframework</element>
        <namespace>AllediaFramework</namespace>
        <name>Joomlashack Framework</name>
        <license>free</license>
        <targetplatform>3.9</targetplatform>
        <phpminimum>7.2.5</phpminimum>
    </alledia>
</extension>
