<?xml version="1.0" encoding="utf-8"?>
<extension type="plugin" group="system" method="upgrade">
    <name>System - OSMeta Renderer</name>
    <author>Joomlashack</author>
    <authorEmail>help@joomlashack.com</authorEmail>
    <authorUrl>https://www.joomlashack.com/</authorUrl>
    <copyright>Copyright 2013-2024 Joomlashack. All rights reserved.</copyright>
    <license>GNU GPL; see LICENSE file</license>
    <description>This system plugin prepares the content so that OSMeta can add meta data 'on the fly'.</description>
    <version>2.0.11</version>
    <creationDate>April 08 2024</creationDate>

    <alledia>
        <element>osmetarenderer</element>
        <namespace>OSMetaRenderer</namespace>
        <license>free</license>
    </alledia>

    <files>
        <filename plugin="osmetarenderer">osmetarenderer.php</filename>
    </files>

    <config>
        <fieldset name="basic"
                  addfieldpath="/administrator/components/com_osmeta/form/fields">

            <field type="customfooter"
                   name="customfooter"
                   media="com_osmeta"
                   showgoproad="0"
                   jedurl="https://extensions.joomla.org/extension/osmeta"/>
        </fieldset>
    </config>
</extension>
