<?xml version="1.0" encoding="utf-8"?>
<extension type="module" version="4.3.4" client="site" method="upgrade">
    <name>Contact Form</name>
    <author>Sveta Zhuk</author>
    <version>1.0.0</version>
    <description>A collapsible contact form with captcha.</description>
    <files>
        <filename>mod_helloworld.xml</filename>
        <filename module="mod_helloworld">mod_helloworld.php</filename>
        <filename>helper.php</filename>
        <filename>tmpl/default.php</filename>
    </files>
    <config>
    </config>
</extension>