<?xml version="1.0" encoding="utf-8"?>
<updates>
    <update>
        <name>CleanTalk Update Site</name>
        <description>CleanTalk Update Site</description>
        <element>cleantalkantispam</element>
        <type>plugin</type>
        <folder>system</folder>
        <version>3.2.3</version>
        <downloads>
            <downloadurl type="full" format="zip">https://github.com/CleanTalk/joomla3.x-4.x-antispam/archive/3.2.3.zip</downloadurl>
        </downloads>
        <tags>
            <tag>stable</tag>
        </tags>
        <section>Updates</section>
        <targetplatform name="joomla" version="3.[1234567890]"/>
        <client>site</client>
    </update>
</updates>