<?xml version="1.0" encoding="utf-8"?>
<extension type="component" method="upgrade">
    <name>com_osmeta</name>
    <author>Joomlashack</author>
    <authorEmail>help@joomlashack.com</authorEmail>
    <authorUrl>https://www.joomlashack.com/</authorUrl>
    <copyright>Copyright 2013-2024 Joomlashack. All rights reserved.</copyright>
    <license>GNU GPL; see LICENSE file</license>
    <description>COM_OSMETA_DESCRIPTION</description>
    <version>2.0.11</version>
    <creationDate>April 08 2024</creationDate>
    <variant>FREE</variant>

    <scriptfile>script.installer.php</scriptfile>

    <install>
        <sql>
            <file driver="mysql" charset="utf8">sql/install/mysql/install.sql</file>
        </sql>
    </install>

    <update>
        <schemas>
            <schemapath type="mysql" charset="utf8">sql/updates/mysql</schemapath>
        </schemas>
    </update>

    <uninstall>
        <sql>
            <file driver="mysql" charset="utf8" folder="sql">sql/install/mysql/uninstall.sql</file>
        </sql>
    </uninstall>

    <administration>
        <menu>COM_OSMETA</menu>
        <submenu>
            <menu link="option=com_osmeta&amp;type=com_content:Article">COM_CONTENT_ARTICLES</menu>
            <menu link="option=com_osmeta&amp;type=com_content:ArticleCategory">COM_CATEGORIES</menu>
        </submenu>

        <files folder="admin">
            <folder>features</folder>
            <folder>form</folder>
            <folder>language</folder>
            <folder>library</folder>
            <folder>sql</folder>
            <folder>views</folder>

            <filename>access.xml</filename>
            <filename>config.xml</filename>
            <filename>controller.php</filename>
            <filename>include.php</filename>
            <filename>osmeta.php</filename>
        </files>
    </administration>

    <media destination="com_osmeta" folder="media">
        <folder>css</folder>
        <folder>images</folder>
        <folder>js</folder>
    </media>

    <updateservers>
        <server type="extension" priority="1" name="OSMeta Free"><![CDATA[https://deploy.ostraining.com/client/update/free/stable/com_osmeta]]></server>
    </updateservers>

    <alledia>
        <element>osmeta</element>
        <namespace>OSMeta</namespace>
        <license>free</license>
        <targetplatform>3.9</targetplatform>
        <previousminimum>2.0.0</previousminimum>

        <minify>
            <script>media/js/admin.js</script>
        </minify>

        <relatedExtensions>
            <extension type="library"
                       element="allediaframework">ShackFramework</extension>

            <extension type="plugin"
                       group="system"
                       element="osmylicensesmanager"
                       ordering="last">ShackExtensionSupport</extension>

            <extension type="plugin"
                       group="content"
                       element="osmetacontent"
                       publish="true"
                       ordering="last"
                       uninstall="true">plg_content_osmetacontent</extension>

            <extension type="plugin"
                       group="system"
                       element="osmetarenderer"
                       publish="true"
                       ordering="last"
                       uninstall="true">plg_system_osmetarenderer</extension>
        </relatedExtensions>

        <obsolete>
            <preflight>
                <folder>administrator/components/com_osmeta/features</folder>
                <folder>administrator/components/com_osmeta/library/Pro</folder>
                <folder>administrator/components/com_osmeta/sql</folder>
            </preflight>

            <folder>components/com_osmeta</folder>
            <folder>media/com_osmeta/admin/font</folder>

            <file>administrator/components/com_osmeta/library/Free/Container/AbstractHome.php</file>
            <file>administrator/components/com_osmeta/library/Free/Container/Component/Home.php</file>
            <file>administrator/manifests/packages/pkg_osmeta.xml</file>
            <file>media/com_osmeta/admin/alledia.css</file>
            <file>plugins/content/osmetacontent/include.php</file>
            <file>plugins/system/osmetarenderer/include.php</file>

            <extension type="plugin" group="k2" element="osmetak2"/>
        </obsolete>

        <include>ShackDefaultFiles</include>
    </alledia>
</extension>
